path;rouge2;rougel;bertscore
intermediate/ami/sample_10_3018.txt;0.05050505050505051;0.19;0.18774783611297607
intermediate/ami/sample_11_3629.txt;0.14577259475218657;0.2318840579710145;0.0976346954703331
intermediate/ami/sample_1_3070.txt;0.07468879668049792;0.19753086419753088;0.20771725475788116
intermediate/ami/sample_3_2693.txt;0.0080040020010005;0.03798100949525237;0.06543785333633423
intermediate/ami/sample_4_3564.txt;0.06030150753768845;0.1890547263681592;0.15404652059078217
intermediate/ami/sample_5_3020.txt;0.03375527426160337;0.1422594142259414;0.07673704624176025
intermediate/ami/sample_6_2751.txt;0.00458295142071494;0.017399267399267403;-0.23693585395812988
intermediate/ami/sample_7_3238.txt;0.14634146341463414;0.30917874396135264;0.28371313214302063
intermediate/ami/sample_8_2389.txt;0.2109375;0.3023255813953488;0.31779250502586365
